<?xml version="1.0" encoding="UTF-8"?>
<project-private xmlns="http://www.netbeans.org/ns/project-private/1">
    <editor-bookmarks xmlns="http://www.netbeans.org/ns/editor-bookmarks/2" lastBookmarkId="0"/>
    <open-files xmlns="http://www.netbeans.org/ns/projectui-open-files/2">
        <group>
            <file>file:/C:/wamp64/www/DCMS/chairman_assign_judge.php</file>
            <file>file:/C:/wamp64/www/DCMS/view_event_wise_participants.php</file>
            <file>file:/C:/wamp64/www/DCMS/chairman_enter_score.php</file>
            <file>file:/C:/wamp64/www/DCMS/view_event_report.php</file>
        </group>
    </open-files>
</project-private>
